Year,State,VEP Total Ballots Counted,VEP Highest Office,VAP Highest Office,Total Ballots Counted,Highest Office,Voting-Eligible Population (VEP),Voting-Age Population (VAP),% Non-citizen,Prison,Probation,Parole
2014,Alabama,0.332,0.329,0.315,1191274,1180413,3588783,3751844,0.025,31691,53640,8097
2014,Alaska,0.548,0.542,0.51,285431,282382,520562,553473,0.039,5216,7077,2210
2014,Arizona,0.341,0.334,0.295,1537671,1506416,4510186,5110890,0.101,37516,73232,7502
2014,Arkansas,0.403,0.401,0.375,852642,848592,2117881,2263040,0.04,17756,28192,21743
2014,California,0.307,0.299,0.247,7513972,7317581,24440416,29646675,0.168,136088,0,87104
2014,Colorado,0.547,0.537,0.494,2080071,2041020,3800664,4128890,0.072,19121,0,10067
2014,Connecticut,0.425,0.423,0.385,1096556,1089880,2577311,2828791,0.082,16113,0,2564
2014,Delaware,0.349,0.343,0.318,238110,234038,681526,735156,0.051,6625,15665,676
2014,District of Columbia,0.357,0.353,0.32,177176,175071,495899,547228,0.094,0,0,0
2014,Florida,0.433,0.428,0.376,6026802,5951561,13914216,15816663,0.106,95671,227087,4519
2014,Georgia,0.386,0.382,0.338,2596947,2567761,6725041,7601982,0.071,50499,471067,25547
2014,Hawaii,0.365,0.362,0.329,369554,366125,1012123,1113693,0.086,5721,0,0
2014,Idaho,0.398,0.393,0.365,445307,439830,1119882,1205611,0.046,7901,33450,4217
2014,Illinois,0.408,0.402,0.366,3680417,3627690,9028752,9922399,0.085,46465,0,0
2014,Indiana,0.287,0.278,0.267,1387622,1341814,4829510,5033872,0.035,28638,0,0
2014,Iowa,0.503,0.498,0.473,1142284,1129700,2269179,2386733,0.036,8686,29929,5769
2014,Kansas,0.433,0.425,0.398,887023,869502,2048164,2184712,0.052,9326,16328,4051
2014,Kentucky,0.449,0.442,0.422,1459409,1435868,3247300,3406506,0.027,21402,54107,16729
2014,Louisiana,0.449,0.439,0.415,1503975,1472039,3349433,3545845,0.03,37881,40979,29619
2014,Maine,0.587,0.581,0.57,616996,611255,1051557,1071521,0.019,0,0,0
2014,Maryland,0.42,0.417,0.373,1745104,1733177,4154546,4645171,0.089,20388,79539,11537
2014,Massachusetts,0.447,0.441,0.402,2186789,2158326,4896296,5369534,0.086,10014,0,0
2014,Michigan,0.432,0.427,0.41,3188956,3156531,7383958,7700110,0.035,42900,0,0
2014,Minnesota,0.506,0.504,0.472,1992613,1981511,3935121,4194166,0.045,10003,97661,6642
2014,Mississippi,,0.29,0.279,,631858,2181131,2267463,0.017,18756,34398,9883
2014,Missouri,0.336,0.317,0.305,1509025,1426303,4493722,4682458,0.024,31432,47303,18495
2014,Montana,0.475,0.469,0.461,373831,369826,787748,802644,0.014,3681,0,0
2014,Nebraska,0.414,0.405,0.38,552115,539891,1334453,1419489,0.05,5221,12940,1067
2014,Nevada,0.296,0.293,0.252,552546,547349,1867644,2173640,0.129,12537,12027,5927
2014,New Hampshire,0.483,0.476,0.46,495565,488159,1025862,1061054,0.03,2867,0,0
2014,New Jersey,0.325,0.311,0.27,1955042,1869535,6014127,6936661,0.119,20255,115898,14889
2014,New Mexico,,0.354,0.323,,512805,1449503,1586442,0.075,6879,16060,2255
2014,New York,0.29,0.282,0.246,3930310,3819010,13553426,15544111,0.122,48376,0,44889
2014,North Carolina,0.412,0.408,0.379,2939767,2915281,7143737,7693406,0.059,35726,90918,10025
2014,North Dakota,0.45,0.438,0.427,255128,248670,567221,582205,0.023,1700,0,0
2014,Ohio,0.362,0.351,0.341,3149876,3055913,8701243,8969074,0.024,51024,0,0
2014,Oklahoma,0.3,0.299,0.281,825607,824831,2755091,2940437,0.047,27650,28568,2560
2014,Oregon,0.534,0.509,0.472,1541782,1469717,2887517,3115883,0.068,15075,0,0
2014,Pennsylvania,0.365,0.361,0.346,3535576,3495866,9689491,10100271,0.036,49643,0,0
2014,Rhode Island,0.424,0.417,0.385,329212,324055,776286,842605,0.075,3294,0,0
2014,South Carolina,0.352,0.348,0.331,1261611,1246301,3584461,3760480,0.035,20917,35096,5225
2014,South Dakota,0.447,0.443,0.431,282291,279412,630989,647810,0.016,3528,0,2611
2014,Tennessee,0.298,0.286,0.272,1430117,1374065,4799476,5060636,0.036,28495,62950,13498
2014,Texas,,0.283,0.238,,4727208,16675420,19847831,0.135,157361,388101,111412
2014,Utah,0.303,0.297,0.275,577973,565970,1905801,2054936,0.069,6824,0,0
2014,Vermont,0.408,0.389,0.381,202445,193087,495884,507304,0.023,0,0,0
2014,Virginia,0.368,0.366,0.337,2194346,2184473,5962456,6489957,0.071,36943,54966,1732
2014,Washington,0.431,0.412,0.371,2123901,2029189,4928407,5467270,0.084,17345,94112,9880
2014,West Virginia,0.32,0.312,0.307,462864,451498,1447652,1472594,0.008,6873,7174,2749
2014,Wisconsin,0.569,0.566,0.539,2422248,2410314,4260427,4470265,0.032,22097,46212,20010
2014,Wyoming,0.397,0.39,0.373,171153,168390,431434,451484,0.031,2330,5196,715
2012,Alabama,,0.586,0.56,,2074338,3539217,3707440,0.026,32232,57993,8616
2012,Alaska,0.589,0.587,0.553,301694,300495,511792,543763,0.038,5633,7173,1882
2012,Arizona,0.53,0.526,0.465,2323579,2306559,4387900,4959270,0.099,35188,72452,7460
2012,Arkansas,0.511,0.507,0.477,1078548,1069468,2109847,2242740,0.035,14471,30122,23372
2012,California,0.557,0.551,0.451,13202158,13038547,23681837,28913129,0.174,119455,0,89287
2012,Colorado,0.706,0.699,0.645,2596173,2569522,3675871,3981208,0.069,18807,0,11458
2012,Connecticut,0.614,0.613,0.556,1560640,1558960,2543202,2801375,0.085,16935,0,2793
2012,Delaware,,0.623,0.578,,413921,663967,715708,0.051,6610,15641,601
2012,District of Columbia,0.616,0.615,0.555,294254,293764,477582,528848,0.097,0,0,0
2012,Florida,0.633,0.628,0.551,8538264,8474179,13495057,15380947,0.108,91954,240869,4538
2012,Georgia,0.593,0.59,0.523,3919355,3900050,6606607,7452696,0.072,52737,442061,24761
2012,Hawaii,0.445,0.442,0.399,437159,434697,982902,1088335,0.092,5544,0,0
2012,Idaho,0.61,0.598,0.556,666290,652274,1091410,1173727,0.046,7985,31606,3848
2012,Illinois,0.593,0.589,0.533,5279752,5242014,8899143,9827043,0.089,49348,0,0
2012,Indiana,0.56,0.552,0.529,2663368,2624534,4755291,4960376,0.036,28266,0,0
2012,Iowa,0.706,0.703,0.671,1589951,1582180,2251748,2356209,0.032,8470,29333,5151
2012,Kansas,0.582,0.569,0.535,1182771,1156254,2030686,2162442,0.05,9346,17021,5126
2012,Kentucky,0.562,0.557,0.534,1815843,1797212,3229185,3368684,0.022,21863,54511,14419
2012,Louisiana,0.608,0.602,0.57,2014548,1994065,3311626,3495847,0.027,40047,41298,28946
2012,Maine,0.693,0.682,0.67,724758,713180,1046008,1064779,0.018,0,0,0
2012,Maryland,0.673,0.666,0.595,2734062,2707327,4063582,4553853,0.089,20871,96640,13195
2012,Massachusetts,0.662,0.659,0.602,3184196,3167767,4809675,5263550,0.084,10283,0,0
2012,Michigan,0.654,0.647,0.62,4780701,4730961,7312725,7625576,0.035,43019,0,0
2012,Minnesota,0.764,0.76,0.714,2950780,2936561,3861598,4114820,0.044,9383,108157,6006
2012,Mississippi,,0.593,0.572,,1285584,2166825,2246931,0.015,22305,30768,6804
2012,Missouri,,0.622,0.596,,2757323,4432957,4628500,0.025,30714,55470,20672
2012,Montana,0.635,0.625,0.616,491966,484048,774476,785454,0.009,3592,0,0
2012,Nebraska,0.611,0.603,0.569,804245,794379,1316915,1396507,0.047,4466,14260,1383
2012,Nevada,0.565,0.564,0.482,1016664,1014918,1800969,2105976,0.133,12883,11321,5379
2012,New Hampshire,0.709,0.702,0.678,718700,710972,1013420,1047978,0.03,2672,0,0
2012,New Jersey,0.622,0.615,0.532,3683638,3640292,5918182,6847503,0.121,21759,114886,14987
2012,New Mexico,0.548,0.546,0.498,786522,783757,1436363,1573400,0.073,6553,21381,5078
2012,New York,0.535,0.531,0.461,7128852,7074723,13324107,15344671,0.125,49889,0,46222
2012,North Carolina,0.654,0.648,0.601,4542488,4505372,6947954,7496980,0.061,35567,96070,4359
2012,North Dakota,0.604,0.598,0.587,325564,322627,539164,549955,0.017,1500,0,0
2012,Ohio,0.651,0.645,0.627,5632423,5580822,8649495,8896930,0.022,50313,0,0
2012,Oklahoma,,0.492,0.463,,1334872,2713268,2885093,0.045,25225,25506,2310
2012,Oregon,0.642,0.631,0.587,1820507,1789270,2836101,3050747,0.066,13607,0,0
2012,Pennsylvania,,0.595,0.572,,5742040,9651432,10037099,0.033,50054,0,0
2012,Rhode Island,,0.58,0.534,,446049,768918,834983,0.075,3249,0,0
2012,South Carolina,0.568,0.563,0.536,1981516,1964118,3486838,3662322,0.035,21895,34945,6116
2012,South Dakota,0.601,0.593,0.576,368270,363815,613190,631472,0.019,3574,0,2761
2012,Tennessee,0.523,0.519,0.494,2478870,2458577,4736084,4976284,0.033,28135,64430,13138
2012,Texas,,0.496,0.417,,7993851,16119973,19185395,0.135,157564,405473,112288
2012,Utah,0.561,0.555,0.514,1028786,1017440,1833339,1978956,0.07,6611,0,0
2012,Vermont,0.612,0.607,0.596,301793,299290,493355,502242,0.018,0,0,0
2012,Virginia,0.666,0.661,0.607,3888186,3854489,5834676,6348827,0.071,36425,52956,1983
2012,Washington,0.658,0.648,0.586,3172939,3125516,4822060,5329782,0.082,16355,88339,8895
2012,West Virginia,,0.463,0.455,,670438,1447066,1472642,0.008,7052,8573,2052
2012,Wisconsin,,0.729,0.695,,3068434,4209370,4417273,0.032,21987,46328,20023
2012,Wyoming,0.59,0.586,0.564,250701,249061,425142,441726,0.025,2163,5162,762
2010,Alabama,0.433,0.43,0.408,1503232,1494273,3472582,3661784,0.028,31587,50622,9006
2010,Alaska,0.529,0.519,0.485,261128,256192,493764,528744,0.04,5576,6959,2089
2010,Arizona,0.416,0.41,0.359,1750840,1727791,4209544,4807398,0.103,35368,52316,7993
2010,Arkansas,0.379,0.375,0.353,789773,781333,2081156,2216171,0.037,16047,26995,21106
2010,California,0.459,0.44,0.358,10529134,10095485,22946053,28167234,0.177,146412,0,105133
2010,Colorado,0.517,0.506,0.465,1828323,1787730,3533054,3843619,0.073,21559,0,11014
2010,Connecticut,0.459,0.459,0.417,1153872,1153115,2512981,2765843,0.084,18553,0,2894
2010,Delaware,0.49,0.475,0.441,316754,307402,646969,696940,0.055,6307,4448,560
2010,District of Columbia,0.296,0.289,0.262,135846,132656,458619,506765,0.095,0,0,0
2010,Florida,0.422,0.417,0.363,5473787,5411106,12961184,14916066,0.112,97944,165760,4093
2010,Georgia,0.406,0.398,0.355,2623035,2576161,6464845,7255919,0.074,54710,185286,25091
2010,Hawaii,0.403,0.399,0.36,386302,382563,959531,1062593,0.091,5813,0,0
2010,Idaho,0.429,0.423,0.394,459079,452535,1069446,1147210,0.047,7268,13721,3957
2010,Illinois,0.431,0.424,0.383,3792770,3729989,8798829,9735944,0.091,46314,0,0
2010,Indiana,0.381,0.371,0.356,1791832,1744481,4697111,4896656,0.035,27481,0,0
2010,Iowa,0.507,0.499,0.479,1133429,1116063,2234516,2328262,0.032,9276,8862,3197
2010,Kansas,0.426,0.417,0.392,857658,838790,2011497,2137815,0.052,8741,3704,5063
2010,Kentucky,0.443,0.424,0.407,1417995,1356468,3198093,3332204,0.024,20385,25688,14628
2010,Louisiana,0.4,0.389,0.368,1298649,1264994,3249524,3438247,0.027,39335,42599,26202
2010,Maine,0.559,0.552,0.543,580584,572766,1038201,1055605,0.016,0,0,0
2010,Maryland,0.467,0.464,0.418,1868179,1857880,4001034,4449617,0.088,21992,26164,13195
2010,Massachusetts,0.494,0.489,0.446,2319963,2297039,4693670,5152976,0.087,10429,0,0
2010,Michigan,0.451,0.445,0.427,3268217,3226088,7245281,7555742,0.035,43499,0,0
2010,Minnesota,0.558,0.554,0.521,2123369,2107021,3802677,4041199,0.045,9281,42661,5807
2010,Mississippi,,0.37,0.355,,788549,2129334,2220094,0.018,21067,26793,6434
2010,Missouri,0.457,0.445,0.424,1997271,1943899,4366435,4581260,0.026,30178,54916,19421
2010,Montana,0.484,0.475,0.468,367096,360341,758653,770601,0.011,3706,0,0
2010,Nebraska,0.387,0.375,0.355,503514,487988,1301483,1375023,0.047,4324,4080,941
2010,Nevada,0.414,0.413,0.353,723515,721404,1747288,2046400,0.135,12653,8067,4964
2010,New Hampshire,0.461,0.457,0.442,461423,456588,999918,1033023,0.029,2694,0,0
2010,New Jersey,0.377,0.364,0.314,2200974,2121584,5834037,6750869,0.122,25007,57517,15563
2010,New Mexico,0.447,0.428,0.388,630013,602827,1408872,1552212,0.077,6541,14855,3146
2010,New York,0.363,0.355,0.308,4763899,4658586,13135048,15111583,0.125,50668,0,48542
2010,North Carolina,0.398,0.392,0.364,2700706,2660079,6785463,7310093,0.061,38341,36740,3621
2010,North Dakota,0.466,0.462,0.453,241039,238812,516974,527497,0.017,1480,0,0
2010,Ohio,0.462,0.449,0.436,3956028,3852453,8571952,8826908,0.023,51116,0,0
2010,Oklahoma,0.391,0.388,0.364,1043507,1034767,2666767,2839030,0.044,25893,20601,2627
2010,Oregon,0.539,0.527,0.487,1487210,1453548,2760607,2984806,0.07,12262,0,0
2010,Pennsylvania,0.424,0.417,0.401,4055336,3987551,9565822,9946290,0.033,50116,0,0
2010,Rhode Island,0.454,0.448,0.412,346357,342290,763534,829913,0.076,3357,0,0
2010,South Carolina,0.403,0.397,0.376,1365480,1344198,3388417,3571250,0.038,23074,21144,6412
2010,South Dakota,0.539,0.529,0.515,323410,317083,599507,616113,0.019,3373,0,2843
2010,Tennessee,0.351,0.346,0.328,1620619,1601549,4622919,4878724,0.035,27213,52178,12157
2010,Texas,0.327,0.321,0.269,5066957,4979870,15514007,18487369,0.135,164507,247136,104763
2010,Utah,0.368,0.363,0.336,653274,643307,1772934,1914974,0.07,6536,0,0
2010,Vermont,0.498,0.494,0.485,243617,241605,488942,498254,0.019,0,0,0
2010,Virginia,0.391,0.387,0.354,2214505,2189841,5660589,6194717,0.071,36020,56654,2624
2010,Washington,0.543,0.532,0.484,2565589,2511094,4724350,5190736,0.083,17331,15452,6956
2010,West Virginia,0.372,0.368,0.361,536493,529948,1442003,1468812,0.009,6673,6650,1796
2010,Wisconsin,0.524,0.52,0.497,2185021,2171331,4172130,4365214,0.032,22724,22602,19572
2010,Wyoming,0.46,0.455,0.438,190822,188463,414536,430673,0.024,2059,3231,682
2008,Alabama,0.61,0.608,0.584,2105622,2099819,3454510,3595708,0.022,30508,53252,8042
2008,Alaska,0.683,0.68,0.643,327341,326197,479429,507645,0.037,5014,6708,1732
2008,Arizona,0.574,0.567,0.491,2320851,2293475,4046075,4673718,0.116,39589,82232,7534
2008,Arkansas,0.529,0.525,0.5,1095958,1086617,2071563,2174846,0.029,14716,31169,19908
2008,California,0.617,0.609,0.495,13743177,13561900,22261504,27411094,0.179,173670,0,120753
2008,Colorado,0.716,0.71,0.647,2422236,2401361,3382959,3708955,0.08,23274,0,11654
2008,Connecticut,,0.666,0.604,,1646792,2471082,2725917,0.085,20661,0,2328
2008,Delaware,0.658,0.656,0.606,413562,412398,628200,680493,0.053,7075,17216,551
2008,District of Columbia,0.617,0.615,0.552,266871,265853,432566,481971,0.103,0,0,0
2008,Florida,0.666,0.661,0.576,8453743,8390744,12687407,14558436,0.112,102388,279760,4528
2008,Georgia,0.627,0.625,0.556,3940705,3924440,6281872,7063638,0.073,52719,397081,23448
2008,Hawaii,0.49,0.488,0.438,456064,453568,930067,1036088,0.097,5955,0,0
2008,Idaho,0.648,0.636,0.586,667506,655032,1029416,1117842,0.049,7290,49513,3361
2008,Illinois,0.643,0.636,0.574,5578195,5523051,8681138,9615700,0.092,45474,0,0
2008,Indiana,0.603,0.591,0.57,2805986,2751054,4653019,4826231,0.03,28322,0,0
2008,Iowa,0.697,0.694,0.669,1543662,1537123,2216094,2298515,0.026,8766,22958,3159
2008,Kansas,0.635,0.62,0.588,1264208,1235872,1991759,2100084,0.042,8539,16263,4958
2008,Kentucky,0.59,0.579,0.557,1858578,1826508,3152629,3277617,0.022,21706,51035,12277
2008,Louisiana,0.618,0.612,0.587,1979852,1960761,3205794,3342279,0.02,38381,40025,24636
2008,Maine,0.718,0.706,0.696,744456,731163,1036242,1049816,0.013,0,0,0
2008,Maryland,0.678,0.67,0.606,2661905,2631596,3925117,4342850,0.078,23324,96360,13220
2008,Massachusetts,0.673,0.668,0.609,3102995,3080985,4612550,5058035,0.086,11408,0,0
2008,Michigan,0.697,0.692,0.664,5039080,5001766,7229512,7528460,0.033,48738,0,0
2008,Minnesota,0.781,0.778,0.732,2921147,2910369,3740142,3975974,0.04,9910,127627,5081
2008,Mississippi,,0.61,0.589,,1289856,2113347,2190402,0.019,22754,22267,2922
2008,Missouri,0.682,0.676,0.649,2950504,2925205,4327572,4507688,0.025,30186,57360,20683
2008,Montana,0.671,0.663,0.651,497599,491960,741853,755384,0.013,3545,0,0
2008,Nebraska,0.637,0.629,0.594,811923,801281,1274719,1348048,0.043,4520,19606,846
2008,Nevada,0.572,0.57,0.484,970019,967848,1696831,2000277,0.141,12743,13337,3908
2008,New Hampshire,0.725,0.717,0.696,719643,710970,992226,1021787,0.026,2702,0,0
2008,New Jersey,0.677,0.67,0.582,3910220,3868237,5776527,6651284,0.117,25953,128737,15849
2008,New Mexico,0.612,0.609,0.551,833365,830158,1362629,1505830,0.083,6402,20883,3724
2008,New York,0.596,0.59,0.514,7721718,7640640,12948969,14876971,0.124,60347,0,52225
2008,North Carolina,0.661,0.655,0.607,4354571,4310789,6584302,7096503,0.059,39482,109678,3409
2008,North Dakota,0.636,0.627,0.617,321133,316621,504762,512768,0.013,1452,0,0
2008,Ohio,0.678,0.669,0.651,5773777,5698260,8513079,8757453,0.022,51686,0,0
2008,Oklahoma,0.563,0.558,0.528,1474694,1462661,2619121,2770219,0.04,25864,27940,3073
2008,Oregon,0.683,0.677,0.627,1845251,1827864,2700327,2916246,0.069,14167,0,0
2008,Pennsylvania,0.642,0.636,0.613,6071357,6012692,9457942,9813664,0.031,49215,0,0
2008,Rhode Island,0.623,0.618,0.571,475428,471766,763608,825786,0.07,4045,0,0
2008,South Carolina,0.582,0.58,0.553,1927153,1920969,3311044,3473488,0.034,24326,41254,1947
2008,South Dakota,0.656,0.647,0.634,387449,381975,590720,602539,0.012,3342,0,2720
2008,Tennessee,0.574,0.57,0.545,2618238,2599749,4563192,4771926,0.031,27228,58109,10578
2008,Texas,,0.541,0.455,,8077795,14929810,17756112,0.135,172506,427080,102921
2008,Utah,0.571,0.56,0.518,971185,952370,1700286,1840087,0.072,6552,0,0
2008,Vermont,0.677,0.673,0.66,326822,325046,482677,492610,0.02,0,0,0
2008,Virginia,0.676,0.67,0.618,3753059,3723260,5555415,6022123,0.066,38276,53614,4471
2008,Washington,0.673,0.666,0.603,3071587,3036878,4561163,5032960,0.078,17926,113134,11768
2008,West Virginia,0.512,0.499,0.491,731691,713362,1430439,1453045,0.008,6059,8283,2005
2008,Wisconsin,0.727,0.724,0.693,2997086,2983417,4120694,4306876,0.03,23379,50418,18105
2008,Wyoming,0.631,0.628,0.609,256035,254658,405732,418040,0.017,2084,5438,727
2006,Alabama,,0.375,0.359,,1250401,3338467,3513952,0.023,28241,55766,7795
2006,Alaska,0.512,0.51,0.478,238307,237322,465169,492452,0.045,5069,6095,973
2006,Arizona,0.396,0.389,0.333,1553032,1526782,3923786,4490327,0.126,35892,73265,6213
2006,Arkansas,0.389,0.387,0.364,780409,774680,2004193,2130080,0.033,13729,31508,16666
2006,California,0.412,0.402,0.322,8899059,8679416,21582217,26739781,0.189,175512,0,111744
2006,Colorado,0.481,0.473,0.431,1586105,1558405,3297308,3569901,0.08,22481,0,8196
2006,Connecticut,0.477,0.466,0.425,1162391,1134780,2437559,2683538,0.079,20566,0,2571
2006,Delaware,0.429,0.423,0.39,258053,254099,601341,659410,0.053,7206,16958,600
2006,District of Columbia,0.287,0.283,0.255,122356,120620,426612,466827,0.097,0,0,0
2006,Florida,0.401,0.396,0.343,4884544,4829270,12187858,14211669,0.118,92969,272977,4785
2006,Georgia,0.351,0.347,0.307,2143845,2122258,6115331,6799654,0.074,52792,422790,22851
2006,Hawaii,0.384,0.379,0.346,348988,344315,908925,1012975,0.081,5967,0,0
2006,Idaho,0.462,0.454,0.42,458927,450832,993010,1072895,0.044,7124,48609,2482
2006,Illinois,0.414,0.402,0.363,3586292,3486671,8667453,9483856,0.092,45106,0,0
2006,Indiana,0.377,0.366,0.352,1719351,1666922,4559294,4743856,0.031,26091,0,0
2006,Iowa,0.492,0.481,0.463,1071509,1048033,2178322,2267991,0.028,8875,22622,3560
2006,Kansas,0.443,0.436,0.411,864083,849700,1948850,2062668,0.047,8816,15518,4666
2006,Kentucky,0.442,0.404,0.39,1370062,1253526,3100828,3218000,0.019,20000,41162,10162
2006,Louisiana,0.314,0.297,0.283,954896,902498,3043573,3239317,0.02,37012,38057,24072
2006,Maine,,0.542,0.533,,550865,1016287,1037200,0.017,0,0,0
2006,Maryland,0.472,0.467,0.422,1809237,1788316,3833349,4261205,0.079,22945,75698,14271
2006,Massachusetts,0.493,0.488,0.444,2243835,2219779,4552794,4970780,0.087,11032,0,0
2006,Michigan,0.528,0.521,0.499,3852008,3801256,7292624,7532918,0.036,51577,0,0
2006,Minnesota,0.605,0.601,0.564,2217552,2202987,3667707,3896561,0.042,9108,127289,4007
2006,Mississippi,,0.294,0.285,,610921,2077420,2154112,0.013,21068,24107,1970
2006,Missouri,0.512,0.5,0.481,2178278,2128459,4253541,4427266,0.022,30167,54963,18374
2006,Montana,0.571,0.564,0.556,411061,406505,720447,734669,0.01,3572,0,0
2006,Nebraska,0.488,0.476,0.451,610499,596087,1251027,1325932,0.043,4407,18731,662
2006,Nevada,0.371,0.369,0.311,586274,582572,1579222,1907976,0.144,12901,13208,3518
2006,New Hampshire,0.429,0.414,0.399,418550,403531,975281,1006234,0.034,2805,0,0
2006,New Jersey,0.406,0.395,0.341,2315643,2250070,5701033,6565183,0.12,27371,132636,13874
2006,New Mexico,0.431,0.425,0.386,568597,561084,1320285,1464560,0.08,6639,16493,2831
2006,New York,0.365,0.349,0.303,4703830,4490053,12878632,14665626,0.124,63315,0,53533
2006,North Carolina,0.325,0.31,0.287,2036451,1940808,6264630,6799585,0.058,37460,110419,3101
2006,North Dakota,0.454,0.449,0.441,220479,218152,486142,503647,0.015,1363,0,0
2006,Ohio,0.495,0.475,0.463,4184072,4022754,8461211,8687609,0.022,49166,0,0
2006,Oklahoma,,0.364,0.343,,926462,2547224,2709819,0.039,26243,27415,4329
2006,Oregon,0.532,0.525,0.484,1399650,1379475,2628937,2829482,0.073,13707,0,0
2006,Pennsylvania,,0.441,0.426,,4096077,9283762,9680466,0.03,44397,0,0
2006,Rhode Island,0.521,0.51,0.467,392882,384993,754219,824887,0.081,3996,0,0
2006,South Carolina,0.354,0.346,0.331,1117311,1091952,3152046,3332190,0.032,23616,38353,3072
2006,South Dakota,0.588,0.578,0.564,341105,335508,580592,589178,0.014,3359,0,2444
2006,Tennessee,0.421,0.414,0.395,1868363,1833695,4433921,4641909,0.031,25745,52558,8630
2006,Texas,,0.309,0.258,,4399068,14255313,17029802,0.134,172116,431967,101916
2006,Utah,0.35,0.343,0.318,582561,571252,1664323,1752158,0.071,6430,0,0
2006,Vermont,0.55,0.549,0.538,263025,262726,478247,487141,0.02,0,0,0
2006,Virginia,0.445,0.44,0.406,2398589,2370445,5385522,5867219,0.067,36688,48144,4499
2006,Washington,0.473,0.473,0.427,2085074,2083734,4403981,4861001,0.08,17561,108076,11568
2006,West Virginia,0.338,0.328,0.323,473014,459884,1401490,1439052,0.007,5733,7668,1416
2006,Wisconsin,0.537,0.532,0.508,2183155,2161700,4064432,4240696,0.029,23431,55806,15907
2006,Wyoming,0.518,0.511,0.494,196217,193892,379127,400187,0.02,2114,5225,609
2004,Alabama,0.574,0.572,0.552,1890317,1883415,3292608,3427542,0.019,26521,36795,7745
2004,Alaska,0.696,0.691,0.652,314502,312598,452124,476378,0.04,4515,5547,951
2004,Arizona,0.548,0.541,0.47,2038069,2012585,3717055,4215706,0.115,31631,69343,5671
2004,Arkansas,0.544,0.536,0.51,1070573,1054945,1969208,2072986,0.028,13477,29128,14844
2004,California,0.596,0.588,0.471,12589367,12421852,21132533,26246548,0.188,166053,0,110261
2004,Colorado,0.673,0.667,0.612,2148036,2129630,3192647,3443164,0.075,19756,0,7383
2004,Connecticut,0.662,0.65,0.597,1607808,1578769,2429634,2652587,0.073,20018,0,2552
2004,Delaware,0.645,0.642,0.594,377407,375190,584817,635370,0.047,6973,18725,539
2004,District of Columbia,0.549,0.543,0.489,230105,227586,419142,458758,0.1,0,0,0
2004,Florida,0.647,0.644,0.561,7640319,7609810,11811921,13643828,0.112,84733,281170,4888
2004,Georgia,0.564,0.562,0.5,3317336,3301875,5878186,6499325,0.068,48625,419350,23344
2004,Hawaii,0.485,0.482,0.441,431662,429013,889540,982882,0.079,5946,0,0
2004,Idaho,0.648,0.632,0.587,612786,598376,946160,1016255,0.041,6312,44580,2370
2004,Illinois,0.624,0.615,0.557,5350493,5274322,8576696,9391420,0.09,44379,0,0
2004,Indiana,0.558,0.548,0.53,2512142,2468002,4504260,4660157,0.027,23760,0,0
2004,Iowa,0.706,0.699,0.674,1521966,1506908,2156389,2239979,0.026,8611,22832,3317
2004,Kansas,0.629,0.616,0.583,1213108,1187756,1928764,2032763,0.043,9152,14309,4525
2004,Kentucky,0.594,0.587,0.569,1816867,1795860,3057741,3157464,0.017,17763,33286,8006
2004,Louisiana,0.615,0.611,0.585,1956590,1943106,3182762,3379937,0.018,36745,38470,24387
2004,Maine,0.749,0.738,0.726,751519,740752,1003792,1022043,0.016,0,0,0
2004,Maryland,0.631,0.629,0.572,2395791,2386705,3797264,4179376,0.072,23727,76676,14351
2004,Massachusetts,0.646,0.642,0.587,2927455,2912388,4533859,4935787,0.084,10365,0,0
2004,Michigan,0.671,0.666,0.639,4875692,4839252,7263024,7508568,0.034,48591,0,0
2004,Minnesota,0.788,0.784,0.739,2842912,2828387,3609185,3819020,0.039,8613,114226,3872
2004,Mississippi,,0.557,0.542,,1152365,2068766,2133681,0.012,20429,21324,1979
2004,Missouri,0.661,0.653,0.629,2764635,2731364,4180960,4339414,0.019,30775,53832,17400
2004,Montana,0.652,0.644,0.634,456096,450445,699114,711858,0.01,3800,0,0
2004,Nebraska,0.641,0.629,0.598,792906,778186,1236522,1305430,0.04,4042,17994,805
2004,Nevada,0.554,0.553,0.473,831563,829587,1501437,1776962,0.132,10971,12521,3610
2004,New Hampshire,0.715,0.709,0.684,683672,677738,956422,984422,0.032,2441,0,0
2004,New Jersey,0.642,0.638,0.552,3638153,3611691,5663201,6513394,0.117,28107,143315,14180
2004,New Mexico,0.604,0.59,0.539,775301,756304,1282767,1411419,0.074,6341,17725,2676
2004,New York,0.585,0.58,0.502,7448266,7391249,12738056,14598898,0.126,64596,0,54524
2004,North Carolina,0.587,0.578,0.539,3552449,3501007,6055771,6505150,0.053,34917,111537,2882
2004,North Dakota,0.655,0.648,0.638,316049,312833,482722,496479,0.013,1266,0,0
2004,Ohio,0.679,0.668,0.651,5722443,5627908,8427696,8624277,0.02,44770,0,0
2004,Oklahoma,,0.583,0.553,,1463758,2510823,2649994,0.034,24767,28435,4329
2004,Oregon,0.726,0.72,0.668,1851671,1836782,2550887,2736472,0.068,13219,0,0
2004,Pennsylvania,,0.626,0.606,,5769590,9221962,9554349,0.027,40692,0,0
2004,Rhode Island,0.589,0.585,0.529,440228,437134,747046,827513,0.076,3701,26085,368
2004,South Carolina,0.532,0.53,0.507,1626720,1617730,3055098,3198733,0.027,24173,38856,2217
2004,South Dakota,0.694,0.682,0.669,394930,388215,569161,576472,0.014,3101,0,0
2004,Tennessee,0.568,0.563,0.541,2456610,2437319,4328446,4496929,0.026,25834,47392,8410
2004,Texas,,0.537,0.454,,7410765,13796256,16284659,0.125,169110,428773,102072
2004,Utah,0.598,0.589,0.547,942010,927844,1574463,1664066,0.068,5802,0,0
2004,Vermont,0.667,0.663,0.65,314220,312309,470754,480053,0.021,0,0,0
2004,Virginia,0.611,0.606,0.562,3223156,3198367,5277156,5699175,0.062,35472,43470,4392
2004,Washington,0.675,0.669,0.608,2883499,2859084,4272914,4683829,0.074,16559,125222,120
2004,West Virginia,0.551,0.541,0.534,769645,755887,1396545,1425689,0.006,4980,6977,1216
2004,Wisconsin,0.753,0.748,0.716,3016288,2997007,4006948,4172068,0.027,22905,54970,13883
2004,Wyoming,0.663,0.657,0.637,245789,243428,370785,386796,0.017,1923,4418,563
2002,Alabama,,0.415,0.404,,1364602,3285643,3371451,0.018,28440,39713,5309
2002,Alaska,0.545,0.542,0.51,232852,231484,427337,457154,0.038,4431,5229,900
2002,Arizona,0.367,0.359,0.307,1255615,1226111,3419481,3998148,0.111,30741,66485,4587
2002,Arkansas,0.417,0.413,0.397,814176,805696,1951568,2031787,0.026,12378,27377,12128
2002,California,0.373,0.361,0.29,7738821,7476351,20733192,25622609,0.188,163361,0,113185
2002,Colorado,0.466,0.463,0.42,1424029,1416093,3056465,3362098,0.072,19085,0,6215
2002,Connecticut,0.451,0.423,0.389,1090756,1022942,2418037,2617814,0.071,20525,0,2186
2002,Delaware,,0.411,0.379,,232314,564938,612919,0.044,6879,20201,551
2002,District of Columbia,,0.301,0.271,,124228,412062,458631,0.1,0,0,0
2002,Florida,0.459,0.456,0.395,5143674,5100581,11194391,13005435,0.109,80352,291315,5223
2002,Georgia,,0.354,0.322,,2031604,5731983,6287215,0.065,47004,367349,20822
2002,Hawaii,0.442,0.438,0.402,385462,382110,872992,950520,0.08,5635,0,0
2002,Idaho,0.452,0.447,0.42,416533,411477,921256,970916,0.04,5825,31361,1961
2002,Illinois,0.428,0.414,0.377,3651808,3538883,8540965,9302571,0.089,43186,0,0
2002,Indiana,0.348,0.339,0.333,1562037,1521353,4494191,4587747,0.026,22576,0,0
2002,Iowa,0.487,0.479,0.457,1040201,1023075,2136683,2214936,0.025,8395,19970,2787
2002,Kansas,0.449,0.44,0.414,851966,835692,1897261,2007407,0.041,9009,15217,3990
2002,Kentucky,,0.372,0.364,,1131313,3044267,3100972,0.017,16377,24480,5968
2002,Louisiana,0.401,0.394,0.378,1267225,1246333,3163663,3312330,0.017,36091,36257,23049
2002,Maine,,0.508,0.501,,505190,995056,1001796,0.016,0,0,0
2002,Maryland,0.468,0.463,0.416,1721626,1704560,3678346,4082694,0.069,24186,81982,13271
2002,Massachusetts,0.498,0.492,0.444,2220301,2194189,4458820,4919958,0.082,10511,0,0
2002,Michigan,0.45,0.445,0.423,3219864,3177565,7147888,7445335,0.034,49524,0,0
2002,Minnesota,,0.641,0.597,,2254639,3518184,3745577,0.038,7612,122692,3577
2002,Mississippi,,0.301,0.292,,615609,2047426,2099698,0.011,20542,16633,1816
2002,Missouri,,0.456,0.439,,1877620,4116889,4262146,0.019,30649,54584,13533
2002,Montana,0.497,0.484,0.477,340272,331321,684572,690652,0.01,3440,0,0
2002,Nebraska,,0.399,0.373,,480991,1204512,1285024,0.038,4103,16468,574
2002,Nevada,0.368,0.362,0.311,512433,504079,1391100,1640679,0.127,10527,12290,3971
2002,New Hampshire,0.487,0.481,0.46,453078,447135,930362,960401,0.03,2483,0,0
2002,New Jersey,0.389,0.381,0.326,2161105,2112604,5549726,6448445,0.115,28213,134290,12576
2002,New Mexico,0.4,0.386,0.357,502230,484229,1255086,1360130,0.07,6173,16287,1962
2002,New York,0.37,0.361,0.314,4690968,4579078,12679865,14504792,0.126,65914,0,55990
2002,North Carolina,,0.397,0.372,,2331181,5876705,6314679,0.05,33334,112900,2805
2002,North Dakota,0.498,0.485,0.476,237224,231030,476251,486797,0.012,1168,0,0
2002,Ohio,0.403,0.388,0.376,3356285,3228992,8322521,8556557,0.019,45831,0,0
2002,Oklahoma,,0.412,0.396,,1035620,2513143,2610016,0.033,23004,29881,3573
2002,Oregon,0.518,0.508,0.472,1293756,1267221,2495739,2674581,0.067,12422,0,0
2002,Pennsylvania,,0.388,0.373,,3545431,9143001,9454338,0.026,40545,0,0
2002,Rhode Island,0.454,0.447,0.401,337027,331834,741776,819310,0.074,3569,25914,384
2002,South Carolina,,0.369,0.356,,1102010,2982810,3100548,0.026,24247,41574,3491
2002,South Dakota,0.612,0.607,0.597,340407,337497,556154,564305,0.013,3059,0,0
2002,Tennessee,,0.396,0.373,,1644741,4151834,4393757,0.025,25409,42712,7949
2002,Texas,0.345,0.342,0.288,4552059,4514012,13181016,15718593,0.121,164222,434486,103068
2002,Utah,0.378,0.37,0.35,568290,557153,1504529,1601707,0.065,5594,0,0
2002,Vermont,0.494,0.488,0.481,232993,230161,471403,472402,0.021,0,0,0
2002,Virginia,0.323,0.29,0.269,1661915,1489422,5138270,5536511,0.06,34733,40359,4530
2002,Washington,0.435,0.418,0.379,1808720,1739116,4162032,4553733,0.073,16284,171603,95
2002,West Virginia,0.315,0.312,0.308,440156,436183,1398124,1413580,0.006,4703,6430,999
2002,Wisconsin,,0.454,0.432,,1775349,3908088,4094028,0.026,22366,54614,11088
2002,Wyoming,0.508,0.501,0.492,188028,185459,370488,376121,0.016,1809,4596,570
2000,Alabama,,0.516,0.501,,1672551,3241682,3334576,0.015,26225,40178,5484
2000,Alaska,0.687,0.681,0.65,287825,285560,419111,440296,0.034,4173,4779,525
2000,Arizona,0.464,0.456,0.402,1559520,1532016,3357701,3816498,0.103,26510,59810,3474
2000,Arkansas,,0.479,0.46,,921781,1925961,2001774,0.023,11915,28409,8659
2000,California,0.566,0.557,0.441,11142843,10965849,19685258,24867252,0.188,163001,0,117647
2000,Colorado,,0.575,0.537,,1741368,3026316,3246521,0.067,16833,0,5500
2000,Connecticut,0.625,0.619,0.566,1474103,1459525,2357687,2575243,0.066,18355,47636,1868
2000,Delaware,,0.59,0.549,,327529,554863,594256,0.039,6921,20052,579
2000,District of Columbia,,0.483,0.439,,201355,416696,458301,0.102,7456,0,0
2000,Florida,0.575,0.559,0.479,6138765,5963110,10667193,12475387,0.104,71319,296139,5982
2000,Georgia,0.476,0.458,0.424,2684951,2583208,5639668,6087332,0.059,44232,321407,21556
2000,Hawaii,0.446,0.442,0.399,371113,367951,832642,923737,0.081,5053,0,0
2000,Idaho,0.589,0.572,0.535,516647,501615,877406,935443,0.038,5535,35103,1409
2000,Illinois,0.585,0.562,0.514,4932192,4742123,8432600,9208908,0.087,45281,0,0
2000,Indiana,0.508,0.493,0.483,2246348,2182295,4424909,4527523,0.023,20125,0,0
2000,Iowa,,0.632,0.596,,1315563,2082950,2199529,0.024,7955,21147,2763
2000,Kansas,0.567,0.556,0.54,1092716,1072216,1927950,1983933,0.039,8344,0,3829
2000,Kentucky,0.531,0.522,0.504,1568058,1544107,2955628,3059582,0.015,14919,19620,4614
2000,Louisiana,0.567,0.564,0.542,1776133,1765656,3130267,3260060,0.016,35207,35854,22860
2000,Maine,,0.672,0.664,,651817,969292,979314,0.015,0,0,0
2000,Maryland,0.558,0.555,0.51,2036455,2025480,3649631,3972224,0.064,23538,81523,13666
2000,Massachusetts,0.606,0.599,0.554,2736006,2704984,4517052,4870470,0.08,0,0,0
2000,Michigan,0.605,0.599,0.573,4279299,4232501,7070702,7370524,0.033,47718,0,0
2000,Minnesota,0.701,0.695,0.664,2458303,2438657,3506432,3662005,0.037,6238,115906,3072
2000,Mississippi,,0.491,0.478,,994184,2024650,2076861,0.01,20241,15118,1596
2000,Missouri,,0.582,0.562,,2359892,4052255,4190073,0.018,27382,53299,12563
2000,Montana,0.626,0.616,0.606,417916,410986,667525,676065,0.009,3105,0,0
2000,Nebraska,0.578,0.569,0.55,707223,696983,1224178,1266496,0.034,3895,21483,476
2000,Nevada,0.456,0.452,0.402,613360,608970,1346116,1523209,0.118,10063,12189,4056
2000,New Hampshire,0.65,0.639,0.607,578656,569081,890622,934176,0.027,2257,0,0
2000,New Jersey,0.588,0.569,0.501,3293378,3187226,5601788,6356954,0.11,29784,130610,11709
2000,New Mexico,0.499,0.485,0.454,615607,598605,1234088,1318129,0.064,5342,10461,1670
2000,New York,0.562,0.551,0.475,6960215,6821999,12380208,14344348,0.127,70198,0,57858
2000,North Carolina,0.525,0.507,0.475,3015964,2911262,5744241,6143214,0.046,31532,105949,3352
2000,North Dakota,0.611,0.603,0.597,292249,288256,477968,482078,0.012,1076,0,0
2000,Ohio,0.578,0.567,0.554,4795989,4705457,8295592,8487355,0.018,45833,0,0
2000,Oklahoma,,0.499,0.48,,1234229,2475220,2568304,0.029,23181,30969,1825
2000,Oregon,0.659,0.649,0.591,1559215,1533968,2364402,2595354,0.064,10580,0,0
2000,Pennsylvania,,0.541,0.523,,4912185,9086897,9375146,0.024,36847,0,0
2000,Rhode Island,0.547,0.542,0.507,412074,408783,753877,804417,0.069,3286,20922,331
2000,South Carolina,0.487,0.47,0.457,1433533,1382717,2944326,3025380,0.022,21778,44632,4378
2000,South Dakota,0.587,0.577,0.569,322159,316269,548498,554875,0.012,2616,0,0
2000,Tennessee,0.505,0.499,0.481,2100241,2076181,4162996,4316391,0.022,22166,40682,8093
2000,Texas,0.492,0.492,0.424,6407637,6407037,13033081,15138468,0.114,166719,441848,111719
2000,Utah,0.548,0.538,0.503,784582,770754,1431668,1534950,0.061,5632,0,0
2000,Vermont,0.647,0.641,0.631,297146,294308,459174,463503,0.02,0,0,0
2000,Virginia,0.55,0.54,0.509,2789808,2739447,5069265,5389008,0.056,30168,33955,5148
2000,Washington,0.614,0.607,0.562,2517028,2487433,4098044,4419907,0.069,14915,154466,160
2000,West Virginia,,0.466,0.461,,648124,1390365,1405021,0.006,3856,6216,1112
2000,Wisconsin,,0.676,0.645,,2598607,3842044,4016401,0.024,20612,53242,9923
2000,Wyoming,0.614,0.592,0.582,221685,213726,361078,366639,0.015,1680,4115,514
1998,Alabama,,0.412,0.4,,1317842,3202052,3293917,0.013,22676,40379,5221
1998,Alaska,0.556,0.546,0.52,227156,223300,408758,429317,0.032,4097,4274,478
1998,Arizona,0.321,0.315,0.28,1037550,1017616,3232815,3628841,0.094,25311,51329,3742
1998,Arkansas,,0.375,0.362,,706011,1882181,1951741,0.019,10638,28698,6979
1998,California,0.447,0.435,0.35,8617649,8381871,19264556,23980067,0.185,161904,0,108424
1998,Colorado,,0.461,0.43,,1327235,2879973,3085075,0.06,14312,0,5204
1998,Connecticut,0.437,0.427,0.393,1022453,999537,2340956,2544417,0.062,17605,55000,1396
1998,Delaware,,0.334,0.313,,180527,540896,576849,0.034,5558,20030,572
1998,District of Columbia,0.345,0.34,0.299,137523,135501,398318,452668,0.098,9829,0,0
1998,Florida,0.384,0.374,0.33,4070262,3965751,10590870,12001902,0.1,67224,283965,6487
1998,Georgia,0.346,0.337,0.308,1842145,1792880,5326337,5828114,0.052,39262,278669,20482
1998,Hawaii,0.496,0.49,0.448,412520,407556,832172,910645,0.081,4924,0,0
1998,Idaho,0.458,0.452,0.425,386720,381248,843914,896422,0.035,4083,31172,1309
1998,Illinois,0.427,0.41,0.374,3541379,3394521,8285614,9070725,0.082,43051,0,0
1998,Indiana,0.372,0.365,0.356,1618689,1588617,4348730,4457578,0.02,19197,0,0
1998,Iowa,0.461,0.453,0.439,973032,956415,2112132,2176940,0.021,7394,18447,2194
1998,Kansas,0.397,0.388,0.372,743288,727236,1873438,1955236,0.035,8183,0,6025
1998,Kentucky,0.415,0.391,0.382,1215053,1145414,2930780,2999287,0.013,14987,17594,4508
1998,Louisiana,0.32,0.313,0.301,990243,969165,3097660,3216121,0.016,32228,33028,18759
1998,Maine,,0.516,0.508,,486808,943577,957916,0.015,0,0,0
1998,Maryland,0.436,0.43,0.396,1556994,1535978,3571087,3879108,0.06,22572,78051,15528
1998,Massachusetts,0.437,0.43,0.397,1935277,1903336,4430939,4793966,0.076,0,0,0
1998,Michigan,0.449,0.434,0.417,3143432,3036886,7005306,7276123,0.031,45879,0,0
1998,Minnesota,0.623,0.619,0.588,2105343,2091766,3378089,3555108,0.033,5572,100818,2995
1998,Mississippi,,0.276,0.27,,550694,1995283,2038324,0.009,16678,11530,1489
1998,Missouri,,0.396,0.384,,1576857,3978146,4106478,0.017,24974,49992,10366
1998,Montana,0.518,0.507,0.5,338733,331551,653998,662582,0.009,2734,0,0
1998,Nebraska,0.486,0.455,0.437,581775,545238,1197953,1247656,0.03,3676,16527,624
1998,Nevada,0.357,0.353,0.311,440042,435790,1233386,1402851,0.107,9651,12561,4055
1998,New Hampshire,0.376,0.363,0.353,330555,318940,878508,903630,0.025,2169,0,0
1998,New Jersey,0.344,0.329,0.29,1894496,1813094,5505229,6261197,0.103,31121,129377,13218
1998,New Mexico,0.431,0.416,0.388,517355,498703,1199320,1286104,0.058,4985,10397,1773
1998,New York,0.407,0.386,0.335,4989877,4735236,12263356,14139223,0.124,70001,0,59548
1998,North Carolina,,0.358,0.338,,2012143,5624292,5948653,0.039,31961,105227,5806
1998,North Dakota,0.457,0.449,0.443,217584,213358,475629,481790,0.011,915,0,0
1998,Ohio,0.429,0.413,0.404,3534782,3404351,8237516,8424249,0.016,48450,0,0
1998,Oklahoma,,0.362,0.347,,873585,2415036,2518285,0.026,20892,29093,1532
1998,Oregon,0.49,0.472,0.442,1160400,1117747,2370381,2526500,0.058,8927,0,0
1998,Pennsylvania,,0.333,0.325,,3025152,9075961,9314795,0.022,36377,0,0
1998,Rhode Island,0.428,0.423,0.388,309835,306445,723772,790726,0.066,3445,21049,432
1998,South Carolina,0.387,0.381,0.367,1092430,1077135,2825173,2931120,0.019,21764,46482,4404
1998,South Dakota,0.498,0.49,0.483,266355,262111,534711,543074,0.011,2422,0,0
1998,Tennessee,0.251,0.239,0.231,1026017,976236,4092745,4217608,0.019,17738,38924,7605
1998,Texas,,0.299,0.258,,3738078,12490423,14504988,0.106,144510,443688,109820
1998,Utah,0.367,0.358,0.337,506553,494909,1381989,1467078,0.055,4453,0,0
1998,Vermont,0.504,0.49,0.481,224382,218120,444772,453574,0.019,0,0,0
1998,Virginia,,0.234,0.22,,1148861,4900523,5222121,0.052,30276,30576,6700
1998,Washington,0.493,0.484,0.443,1939421,1902482,3930400,4294765,0.064,14161,152140,375
1998,West Virginia,0.292,0.253,0.25,405139,351277,1388176,1403549,0.005,3478,6511,975
1998,Wisconsin,,0.463,0.446,,1760836,3801514,3945060,0.022,18613,54232,9282
1998,Wyoming,0.51,0.499,0.487,178401,174888,350136,359119,0.014,1571,3825,448
1996,Alabama,,0.488,0.475,,1534349,3144249,3227688,0.012,21760,37865,4966
1996,Alaska,0.607,0.598,0.57,245212,241620,404180,423702,0.031,3716,3999,642
1996,Arizona,0.465,0.456,0.411,1431342,1404405,3079908,3414380,0.084,22493,40607,3785
1996,Arkansas,,0.479,0.465,,884262,1844689,1903094,0.016,9407,25178,5459
1996,California,0.55,0.537,0.434,10263490,10019484,18644593,23076427,0.181,146049,0,99578
1996,Colorado,,0.545,0.514,,1510704,2770252,2939929,0.052,12483,0,3294
1996,Connecticut,0.604,0.596,0.551,1410746,1392614,2337160,2528212,0.058,15007,55978,1083
1996,Delaware,0.525,0.512,0.484,277418,270810,528630,559598,0.03,5110,16528,591
1996,District of Columbia,0.474,0.466,0.413,189210,185726,398839,450182,0.093,9376,0,0
1996,Florida,0.533,0.519,0.461,5444245,5300927,10219294,11509122,0.095,63763,237117,9243
1996,Georgia,0.458,0.444,0.414,2374650,2298899,5181708,5555577,0.044,35139,143457,21146
1996,Hawaii,0.451,0.439,0.402,370230,360120,820055,895753,0.08,4011,0,0
1996,Idaho,0.616,0.593,0.572,508030,489481,825329,856420,0.032,3832,0,0
1996,Illinois,0.538,0.525,0.483,4418270,4311391,8215662,8927254,0.075,38852,0,0
1996,Indiana,0.51,0.496,0.486,2195224,2135431,4302745,4397367,0.018,16960,0,0
1996,Iowa,0.597,0.588,0.573,1251983,1234075,2098332,2154320,0.018,6342,15386,2200
1996,Kansas,0.578,0.573,0.553,1073520,1063452,1856507,1922601,0.03,7756,0,0
1996,Kentucky,0.493,0.482,0.473,1419592,1388707,2880808,2938362,0.012,12910,11689,4621
1996,Louisiana,0.584,0.578,0.564,1804640,1783959,3087693,3163302,0.015,26776,0,0
1996,Maine,,0.652,0.642,,605897,929970,944106,0.015,0,0,0
1996,Maryland,0.508,0.504,0.467,1793991,1780870,3530148,3817454,0.056,22050,70553,16246
1996,Massachusetts,0.593,0.584,0.542,2600278,2559180,4385268,4723380,0.072,0,0,0
1996,Michigan,0.563,0.553,0.534,3912261,3848844,6954059,7201527,0.028,42349,0,0
1996,Minnesota,0.666,0.661,0.631,2211161,2192640,3319509,3473117,0.029,5158,90202,2377
1996,Mississippi,,0.459,0.45,,893857,1949309,1986327,0.008,13859,10376,1326
1996,Missouri,,0.551,0.535,,2158065,3919885,4035666,0.015,22003,42386,13087
1996,Montana,0.647,0.631,0.623,417232,407083,645052,652991,0.009,2293,0,0
1996,Nebraska,0.578,0.57,0.551,686749,677415,1188034,1230047,0.025,3287,14363,688
1996,Nevada,0.412,0.409,0.365,467657,464279,1134065,1271617,0.095,8439,9760,3216
1996,New Hampshire,0.601,0.583,0.568,513700,499053,855287,878569,0.024,2062,0,0
1996,New Jersey,0.569,0.564,0.5,3105110,3075860,5456334,6152216,0.096,27490,125881,14545
1996,New Mexico,0.495,0.474,0.445,579763,556074,1172262,1249597,0.053,4724,8903,1426
1996,New York,0.529,0.519,0.453,6439129,6316129,12175850,13942462,0.118,69709,0,57137
1996,North Carolina,,0.463,0.44,,2515807,5435970,5717844,0.033,30647,102483,12358
1996,North Dakota,0.571,0.56,0.553,271850,266411,475898,481497,0.01,722,0,0
1996,Ohio,0.567,0.554,0.542,4638108,4534434,8185999,8366250,0.015,46174,0,6331
1996,Oklahoma,0.514,0.51,0.49,1218248,1206713,2368311,2461718,0.023,19593,28090,2159
1996,Oregon,0.606,0.597,0.563,1399180,1377760,2309051,2445442,0.052,8661,0,0
1996,Pennsylvania,,0.497,0.485,,4506118,9063470,9283893,0.02,34537,0,0
1996,Rhode Island,,0.544,0.499,,390247,717041,781307,0.064,3271,20446,573
1996,South Carolina,0.441,0.422,0.408,1203486,1151422,2731064,2825088,0.017,20446,42417,5036
1996,South Dakota,0.622,0.611,0.603,329316,323826,529793,537038,0.01,2063,0,0
1996,Tennessee,,0.475,0.463,,1894105,3984092,4094014,0.016,15626,37002,8934
1996,Texas,,0.465,0.404,,5611644,12072149,13887542,0.098,132383,429329,112594
1996,Utah,0.521,0.502,0.477,691016,665629,1326919,1394017,0.048,0,0,0
1996,Vermont,0.6,0.593,0.582,261469,258449,435687,443874,0.018,0,0,0
1996,Virginia,0.513,0.502,0.473,2468229,2416642,4811632,5106297,0.047,27655,29620,9918
1996,Washington,0.599,0.589,0.543,2293895,2253867,3829308,4147127,0.058,12527,125780,560
1996,West Virginia,0.471,0.459,0.455,653331,636459,1386621,1400343,0.005,2749,5669,869
1996,Wisconsin,,0.584,0.565,,2196169,3763240,3886906,0.02,12991,47292,8222
1996,Wyoming,0.625,0.613,0.599,215844,211571,345112,353354,0.013,1499,3432,364
1994,Alabama,,0.388,0.379,,1201969,3095745,3170782,0.01,19573,32284,7235
1994,Alaska,0.542,0.534,0.512,216668,213404,399435,417053,0.03,3292,2899,412
1994,Arizona,0.399,0.391,0.356,1153724,1129607,2892171,3169857,0.075,19746,34365,4351
1994,Arkansas,,0.398,0.388,,716840,1801161,1849361,0.013,8643,19606,5224
1994,California,0.482,0.469,0.381,8900593,8658881,18479124,22721586,0.177,125605,0,85082
1994,Colorado,0.443,0.421,0.401,1173130,1116307,2648684,2785952,0.045,10717,0,2463
1994,Connecticut,0.498,0.491,0.456,1163829,1147084,2335579,2515100,0.055,14380,53453,1146
1994,Delaware,0.393,0.388,0.368,201560,199029,512941,540474,0.026,4466,15507,1029
1994,District of Columbia,0.452,0.446,0.396,186316,183649,411886,463680,0.088,10949,0,0
1994,Florida,0.439,0.429,0.382,4305340,4206659,9810247,11016840,0.091,57168,247014,20573
1994,Georgia,,0.31,0.292,,1545328,4978431,5293282,0.037,33425,140694,17505
1994,Hawaii,0.466,0.456,0.418,377011,369013,808904,882189,0.079,3333,0,0
1994,Idaho,0.535,0.527,0.51,419330,413346,784076,809957,0.028,2811,0,0
1994,Illinois,0.394,0.38,0.352,3219122,3106566,8175312,8819582,0.069,36531,0,0
1994,Indiana,0.38,0.364,0.358,1609481,1543568,4235008,4315664,0.015,15014,0,0
1994,Iowa,0.492,0.48,0.469,1022372,997248,2077709,2128370,0.016,5437,15902,3696
1994,Kansas,0.455,0.447,0.434,836251,820846,1837694,1893521,0.026,6371,0,0
1994,Kentucky,0.292,0.277,0.272,827541,784299,2829881,2879413,0.01,11066,11417,4380
1994,Louisiana,0.294,0.272,0.266,893758,826837,3038660,3109456,0.015,24063,0,0
1994,Maine,,0.557,0.549,,511733,918204,932164,0.015,0,0,0
1994,Maryland,0.413,0.405,0.376,1437450,1410299,3480270,3751305,0.052,20998,76940,14795
1994,Massachusetts,0.513,0.501,0.467,2232186,2179945,4353287,4668100,0.067,0,0,0
1994,Michigan,0.463,0.451,0.436,3177740,3089077,6856388,7081498,0.026,40631,0,0
1994,Minnesota,0.552,0.545,0.524,1794618,1772929,3253779,3385687,0.025,4575,81972,1904
1994,Mississippi,0.326,0.319,0.314,621096,608085,1903794,1935054,0.007,10930,9042,1519
1994,Missouri,,0.46,0.448,,1775116,3858946,3958762,0.013,17898,36295,12592
1994,Montana,0.578,0.563,0.557,359455,350387,622246,629335,0.008,1764,0,0
1994,Nebraska,0.51,0.498,0.482,593654,579561,1164502,1201826,0.02,2711,18639,771
1994,Nevada,0.374,0.369,0.333,386582,380530,1032456,1143487,0.084,6993,9410,3529
1994,New Hampshire,0.385,0.376,0.366,319443,311882,829590,851104,0.023,2021,0,0
1994,New Jersey,0.395,0.381,0.339,2131328,2054887,5392423,6059401,0.089,24632,125299,41802
1994,New Mexico,0.431,0.414,0.391,485709,467621,1128243,1195183,0.049,3712,8063,1078
1994,New York,0.437,0.427,0.375,5325323,5203762,12192316,13861352,0.112,66750,0,53832
1994,North Carolina,,0.303,0.29,,1588190,5244552,5477604,0.026,23648,90418,20159
1994,North Dakota,0.513,0.504,0.499,240430,236547,468989,473993,0.009,563,0,0
1994,Ohio,0.435,0.423,0.414,3540954,3436884,8132122,8292312,0.014,43074,0,0
1994,Oklahoma,0.431,0.427,0.413,1002363,995012,2327519,2410272,0.02,16631,28285,2604
1994,Oregon,0.563,0.548,0.521,1254265,1221010,2229242,2344505,0.046,6936,0,0
1994,Pennsylvania,,0.396,0.388,,3585526,9043585,9241090,0.018,28302,0,0
1994,Rhode Island,,0.505,0.465,,361377,716002,776723,0.062,2919,18179,525
1994,South Carolina,0.357,0.351,0.34,951901,934886,2663830,2747987,0.014,18999,40005,6077
1994,South Dakota,0.613,0.601,0.594,318090,311613,518815,524910,0.008,1708,0,0
1994,Tennessee,,0.386,0.377,,1487130,3850228,3945407,0.014,14401,34896,9353
1994,Texas,,0.375,0.33,,4396242,11719888,13334014,0.089,118195,396276,108563
1994,Utah,0.427,0.415,0.398,532737,517790,1248726,1302522,0.041,0,0,0
1994,Vermont,0.508,0.495,0.487,216715,211449,426953,434549,0.017,0,0,0
1994,Virginia,,0.436,0.413,,2057463,4718968,4983515,0.043,26968,24089,9649
1994,Washington,0.467,0.458,0.426,1733471,1700173,3715174,3994036,0.053,10833,110279,1650
1994,West Virginia,0.319,0.305,0.302,439551,420936,1379339,1392499,0.005,1930,5992,1380
1994,Wisconsin,,0.424,0.412,,1565628,3692668,3801543,0.018,10022,45901,7065
1994,Wyoming,0.605,0.598,0.586,204025,201710,337032,344492,0.012,1217,3367,313
1992,Alabama,,0.557,0.545,,1688060,3030549,3096959,0.009,17453,31188,6934
1992,Alaska,0.671,0.663,0.636,261427,258506,389898,406653,0.029,2865,3014,710
1992,Arizona,0.567,0.557,0.513,1516276,1486975,2671933,2897181,0.065,16477,34647,3588
1992,Arkansas,,0.543,0.531,,950653,1751083,1789420,0.01,8285,16448,3460
1992,California,0.616,0.603,0.493,11374565,11131721,18460157,22573381,0.173,109496,0,87725
1992,Colorado,0.64,0.629,0.603,1597166,1569180,2494998,2602217,0.037,8997,0,2634
1992,Connecticut,0.698,0.686,0.641,1645609,1616332,2356937,2521774,0.051,11403,48567,483
1992,Delaware,0.583,0.58,0.553,290836,289735,499266,523661,0.022,4062,14887,1120
1992,District of Columbia,0.542,0.533,0.477,231445,227572,427102,477564,0.083,10845,0,0
1992,Florida,0.572,0.559,0.502,5438612,5314392,9506230,10591116,0.087,48302,200471,14021
1992,Georgia,,0.485,0.459,,2311253,4766958,5037354,0.029,25290,153154,23020
1992,Hawaii,0.482,0.469,0.43,382882,372842,795148,866114,0.079,2926,0,0
1992,Idaho,0.669,0.656,0.638,491725,482142,734855,756119,0.025,2256,0,0
1992,Illinois,0.636,0.622,0.581,5164357,5050157,8113900,8688184,0.062,31640,0,0
1992,Indiana,0.564,0.554,0.545,2347912,2305871,4162678,4230602,0.013,13945,0,0
1992,Iowa,0.661,0.658,0.645,1360856,1354607,2057690,2098809,0.013,4518,14084,2065
1992,Kansas,0.641,0.639,0.623,1161044,1157335,1810750,1857444,0.022,6028,0,0
1992,Kentucky,,0.538,0.53,,1492900,2772600,2814763,0.008,10364,10750,3684
1992,Louisiana,0.6,0.597,0.584,1799596,1790017,2997301,3063068,0.015,20980,0,0
1992,Maine,,0.743,0.731,,679499,915082,928998,0.015,0,0,0
1992,Maryland,0.581,0.577,0.537,1999486,1985046,3440015,3695298,0.049,19977,82948,13058
1992,Massachusetts,0.649,0.638,0.598,2822962,2773700,4346897,4640629,0.063,0,0,0
1992,Michigan,0.64,0.63,0.611,4341909,4274673,6786593,6990822,0.024,39113,0,0
1992,Minnesota,0.739,0.737,0.712,2355796,2347948,3187255,3298080,0.021,3822,72938,1901
1992,Mississippi,0.543,0.529,0.522,1008019,981793,1854797,1882100,0.006,8905,8031,2357
1992,Missouri,,0.631,0.616,,2391565,3792675,3880005,0.011,16195,32692,11671
1992,Montana,0.704,0.692,0.685,417564,410611,593345,599859,0.008,1548,0,0
1992,Nebraska,0.648,0.642,0.626,744548,737546,1149525,1178965,0.016,2514,15386,697
1992,Nevada,0.546,0.539,0.493,513387,506318,940066,1028056,0.072,6049,8533,3246
1992,New Hampshire,0.67,0.661,0.645,545197,537943,814160,833997,0.022,1777,0,0
1992,New Jersey,0.62,0.619,0.557,3348312,3343594,5398559,6000364,0.081,22653,108093,36120
1992,New Mexico,0.55,0.531,0.504,590901,569986,1073421,1131081,0.044,3271,6921,1331
1992,New York,0.578,0.566,0.502,7068630,6926925,12227775,13799670,0.106,61736,0,50004
1992,North Carolina,,0.514,0.497,,2611850,5077494,5259564,0.02,20454,86371,14415
1992,North Dakota,0.681,0.666,0.66,315199,308133,462631,467130,0.009,477,0,0
1992,Ohio,0.625,0.613,0.602,5043094,4939967,8063595,8208502,0.013,38378,0,0
1992,Oklahoma,0.635,0.606,0.588,1455635,1390359,2293931,2366029,0.018,14821,25902,2758
1992,Oregon,0.699,0.682,0.653,1498959,1462643,2144867,2241507,0.04,6583,0,0
1992,Pennsylvania,,0.549,0.539,,4949810,9010940,9188416,0.017,24974,0,0
1992,Rhode Island,,0.628,0.582,,453471,721593,779266,0.06,2775,15585,483
1992,South Carolina,0.473,0.461,0.448,1234712,1202527,2610725,2683852,0.012,18643,35587,5325
1992,South Dakota,,0.667,0.661,,336254,503759,508841,0.007,1487,0,0
1992,Tennessee,,0.532,0.52,,1982638,3726024,3811036,0.011,11849,38614,11819
1992,Texas,,0.542,0.483,,6154018,11356487,12747860,0.081,60467,360702,121141
1992,Utah,0.675,0.64,0.618,784988,743999,1162363,1203861,0.034,0,0,0
1992,Vermont,0.697,0.69,0.679,292797,289701,419810,426860,0.017,0,0,0
1992,Virginia,,0.554,0.527,,2558665,4622125,4856799,0.039,21199,23510,11372
1992,Washington,0.65,0.64,0.598,2324907,2288230,3575852,3827227,0.047,9959,103837,7850
1992,West Virginia,,0.501,0.496,,683762,1365368,1377282,0.005,1674,5688,988
1992,Wisconsin,,0.699,0.682,,2531114,3619273,3712414,0.016,8191,40424,5560
1992,Wyoming,0.628,0.619,0.606,203602,200617,324253,331170,0.011,1063,3310,404
1990,Alabama,,0.411,0.404,,1215889,2956385,3012797,0.007,15665,27686,5970
1990,Alaska,0.542,0.534,0.513,197540,194750,364419,379863,0.028,2622,3599,568
1990,Arizona,0.434,0.418,0.39,1094735,1055406,2523614,2705468,0.055,14861,30397,2711
1990,Arkansas,,0.407,0.399,,696209,1710799,1742746,0.007,7322,15983,3971
1990,California,0.435,0.424,0.349,7899131,7699420,18156500,22061053,0.17,97309,0,67562
1990,Colorado,0.442,0.432,0.418,1046139,1022027,2366650,2447513,0.029,7671,0,2396
1990,Connecticut,0.486,0.479,0.45,1159361,1141101,2383795,2538398,0.047,10500,46640,291
1990,Delaware,0.378,0.37,0.355,183977,180152,486760,507016,0.019,3471,12223,1283
1990,District of Columbia,0.389,0.383,0.345,171677,169066,441742,489808,0.078,9947,0,0
1990,Florida,,0.386,0.348,,3530871,9145312,10137720,0.083,44387,210781,2064
1990,Georgia,,0.316,0.302,,1449652,4588953,4803269,0.021,22411,134840,22646
1990,Hawaii,0.459,0.454,0.417,354144,349666,770836,838633,0.078,2533,0,0
1990,Idaho,0.476,0.465,0.453,328340,320610,690154,707535,0.022,1961,0,0
1990,Illinois,0.426,0.406,0.382,3420720,3257410,8029525,8535069,0.056,27516,0,0
1990,Indiana,0.384,0.368,0.363,1566371,1502687,4080236,4135602,0.01,12736,0,0
1990,Iowa,0.495,0.484,0.476,1004908,983933,2030935,2065490,0.01,3967,13895,2111
1990,Kansas,0.452,0.441,0.432,805251,786096,1783412,1821368,0.018,5775,0,0
1990,Kentucky,,0.336,0.332,,916010,2722356,2755670,0.006,9023,7482,3183
1990,Louisiana,,0.472,0.462,,1396113,2959148,3020682,0.014,18599,0,0
1990,Maine,,0.573,0.565,,522181,910982,924839,0.015,0,0,0
1990,Maryland,0.345,0.327,0.306,1170867,1111088,3397126,3632477,0.045,17848,82898,11192
1990,Massachusetts,0.553,0.534,0.503,2424579,2341990,4384671,4660342,0.059,0,0,0
1990,Michigan,0.395,0.383,0.373,2641649,2564563,6693069,6872954,0.021,34267,0,0
1990,Minnesota,0.588,0.576,0.56,1843104,1806777,3136830,3225335,0.017,3176,59323,1873
1990,Mississippi,,0.202,0.199,,368502,1824156,1850099,0.005,8375,8221,3478
1990,Missouri,,0.362,0.354,,1352552,3740308,3821136,0.009,14943,42322,9196
1990,Montana,0.57,0.557,0.551,326652,319336,573045,579158,0.008,1425,0,0
1990,Nebraska,0.534,0.525,0.514,604195,593828,1131746,1154859,0.011,2403,14654,632
1990,Nevada,0.38,0.374,0.346,325959,320743,858018,926572,0.061,5322,7700,2850
1990,New Hampshire,0.378,0.362,0.354,307700,294819,814549,832887,0.02,1342,0,0
1990,New Jersey,0.368,0.357,0.326,1998894,1938454,5429251,5951541,0.074,21128,72341,23298
1990,New Mexico,0.418,0.4,0.382,429509,411236,1026902,1076522,0.039,3187,6294,1224
1990,New York,0.35,0.331,0.295,4290261,4056896,12271903,13742688,0.1,54895,0,42837
1990,North Carolina,,0.419,0.408,,2069585,4938968,5073437,0.013,18411,77829,9883
1990,North Dakota,0.52,0.507,0.502,240301,233973,461711,465851,0.008,483,0,0
1990,Ohio,0.454,0.436,0.429,3620469,3477650,7975680,8103382,0.012,31822,0,0
1990,Oklahoma,0.413,0.405,0.394,929639,911314,2251719,2313340,0.015,12285,24411,3236
1990,Oregon,0.551,0.541,0.521,1133125,1112847,2057833,2137314,0.034,6492,0,0
1990,Pennsylvania,,0.341,0.335,,3052760,8962083,9120122,0.015,22290,0,0
1990,Rhode Island,0.517,0.502,0.466,375188,364052,725084,780448,0.058,2392,15366,321
1990,South Carolina,0.313,0.3,0.293,793614,760965,2537384,2598170,0.009,17319,32287,3543
1990,South Dakota,,0.523,0.519,,258976,494849,499072,0.006,1341,0,0
1990,Tennessee,,0.218,0.214,,790441,3624940,3693970,0.008,10388,32719,11327
1990,Texas,,0.353,0.318,,3892746,11034190,12232761,0.072,50042,308357,109726
1990,Utah,0.422,0.407,0.396,457983,442213,1086050,1116922,0.028,0,0,0
1990,Vermont,0.523,0.509,0.501,217384,211422,415564,422130,0.016,0,0,0
1990,Virginia,,0.255,0.245,,1152854,4512504,4715129,0.035,17593,21303,9048
1990,Washington,0.398,0.384,0.361,1362651,1313217,3421256,3634031,0.042,7995,84817,9615
1990,West Virginia,,0.3,0.298,,404305,1347723,1358773,0.004,1565,5059,1000
1990,Wisconsin,,0.39,0.381,,1379727,3541548,3617625,0.014,7465,29370,4099
1990,Wyoming,0.525,0.512,0.502,164309,160109,312961,319255,0.011,1110,2980,313
1988,Alabama,,0.475,0.467,,1378476,2901744,2949934,0.006,12610,25301,4701
1988,Alaska,0.573,0.564,0.542,203433,200116,355023,369260,0.026,2588,2994,498
1988,Arizona,0.491,0.477,0.449,1204169,1171873,2454254,2609995,0.05,12095,25446,1669
1988,Arkansas,,0.49,0.482,,827738,1689491,1717388,0.006,5519,15931,3840
1988,California,0.575,0.557,0.465,10194539,9887065,17738700,21249801,0.159,76171,0,49364
1988,Colorado,0.608,0.59,0.573,1416265,1372394,2327768,2396786,0.026,5765,0,1743
1988,Connecticut,0.614,0.607,0.572,1461962,1443394,2379699,2525021,0.045,8005,46086,371
1988,Delaware,0.54,0.529,0.51,254973,249891,472441,489696,0.017,3197,9576,1093
1988,District of Columbia,0.435,0.425,0.384,197135,192877,453636,502362,0.072,8831,0,3949
1988,Florida,,0.49,0.446,,4302313,8777510,9651236,0.078,34732,165475,2562
1988,Georgia,,0.406,0.391,,1809672,4459739,4631342,0.017,18787,121559,11308
1988,Hawaii,0.498,0.479,0.441,368567,354461,739890,803568,0.076,2300,0,0
1988,Idaho,0.631,0.613,0.599,421213,408968,667345,682522,0.02,1581,0,0
1988,Illinois,0.591,0.573,0.542,4697192,4559120,7950848,8410414,0.052,21081,0,0
1988,Indiana,0.556,0.543,0.536,2222811,2168621,3996319,4045785,0.009,11406,0,0
1988,Iowa,0.614,0.606,0.597,1240854,1225614,2021793,2052326,0.009,3034,13099,1945
1988,Kansas,,0.56,0.549,,993044,1774451,1808604,0.016,5817,0,0
1988,Kentucky,,0.493,0.488,,1322517,2680364,2709782,0.006,7119,7398,3443
1988,Louisiana,,0.554,0.542,,1628202,2941023,3005785,0.014,16242,0,7387
1988,Maine,,0.625,0.615,,555035,888612,901850,0.015,0,0,0
1988,Maryland,0.525,0.516,0.485,1747350,1714358,3325582,3535730,0.042,14276,78619,9225
1988,Massachusetts,0.613,0.6,0.567,2689857,2632801,4385728,4642061,0.055,0,0,0
1988,Michigan,0.567,0.555,0.542,3745751,3669163,6608812,6773776,0.02,27612,0,0
1988,Minnesota,0.688,0.679,0.662,2125119,2096790,3087194,3166668,0.015,2799,56901,1639
1988,Mississippi,,0.52,0.513,,931527,1792847,1815826,0.005,7384,6854,3177
1988,Missouri,,0.566,0.555,,2093713,3696905,3769751,0.009,12176,42728,7207
1988,Montana,0.667,0.644,0.637,378981,365674,568014,573791,0.008,1272,0,0
1988,Nebraska,0.603,0.588,0.578,678669,661465,1125252,1144305,0.009,2156,11411,447
1988,Nevada,0.461,0.456,0.425,354261,350067,768131,823940,0.055,4881,7032,2100
1988,New Hampshire,0.578,0.564,0.552,462503,451074,800468,817358,0.019,1019,0,0
1988,New Jersey,0.571,0.57,0.525,3102502,3099553,5435008,5904776,0.069,16936,57903,18463
1988,New Mexico,0.534,0.52,0.498,535694,521287,1002876,1046754,0.036,2825,5312,1230
1988,New York,0.54,0.527,0.475,6636310,6485683,12300666,13659215,0.094,44560,0,33962
1988,North Carolina,,0.445,0.435,,2134370,4794041,4903045,0.011,17078,67164,6191
1988,North Dakota,0.662,0.637,0.632,309100,297261,466684,470652,0.007,466,0,0
1988,Ohio,0.573,0.558,0.55,4505284,4393585,7869099,7986220,0.011,26462,0,0
1988,Oklahoma,0.531,0.521,0.509,1192815,1171036,2245785,2300258,0.013,10448,23341,1455
1988,Oregon,0.623,0.606,0.585,1235199,1201694,1982355,2055379,0.031,5991,0,3790
1988,Pennsylvania,,0.51,0.502,,4536251,8892826,9037056,0.014,17900,0,0
1988,Rhode Island,0.576,0.561,0.525,415963,404620,721773,771407,0.055,1906,9824,442
1988,South Carolina,0.425,0.402,0.394,1041846,986009,2453644,2504635,0.008,13888,26260,3626
1988,South Dakota,,0.634,0.629,,312991,494034,497633,0.005,1020,0,0
1988,Tennessee,,0.461,0.453,,1636250,3551452,3609081,0.007,7732,28282,9529
1988,Texas,,0.501,0.457,,5427410,10833436,11877787,0.066,40437,288906,77827
1988,Utah,0.634,0.62,0.605,661546,647008,1043170,1069800,0.025,0,0,0
1988,Vermont,0.667,0.601,0.592,270148,243328,404795,411136,0.015,0,0,0
1988,Virginia,,0.498,0.479,,2191609,4396900,4571637,0.032,14184,17945,6576
1988,Washington,0.586,0.568,0.538,1923043,1865253,3282173,3465082,0.039,5816,64257,10745
1988,West Virginia,,0.485,0.481,,653311,1347692,1358249,0.004,1455,4811,807
1988,Wisconsin,,0.628,0.616,,2191608,3489742,3558322,0.013,6353,26305,4128
1988,Wyoming,0.592,0.56,0.551,186417,176551,315073,320695,0.01,945,2186,333
1986,Alabama,,0.431,0.425,,1236230,2869652,2911819,0.006,11710,21371,3038
1986,Alaska,0.519,0.514,0.496,182526,180801,351841,364871,0.025,2460,2885,119
1986,Arizona,0.384,0.374,0.353,889668,866984,2319046,2452624,0.046,9434,20283,2034
1986,Arkansas,,0.414,0.408,,695487,1681564,1706578,0.006,4701,12700,4023
1986,California,0.444,0.434,0.368,7617142,7443551,17166275,20222886,0.147,59484,0,33172
1986,Colorado,0.475,0.459,0.447,1096867,1060765,2309652,2372880,0.024,3804,0,1827
1986,Connecticut,0.437,0.424,0.401,1025605,993692,2344327,2479722,0.043,6905,41304,603
1986,Delaware,0.363,0.353,0.341,165563,160757,455609,470828,0.016,2833,7985,978
1986,District of Columbia,0.288,0.283,0.259,134158,131802,465993,508553,0.065,6618,0,2980
1986,Florida,,0.409,0.375,,3429996,8384015,9158241,0.073,32237,139859,3478
1986,Georgia,,0.285,0.275,,1224948,4300049,4450093,0.015,16922,109485,10421
1986,Hawaii,0.481,0.467,0.431,344416,334115,715459,775534,0.075,2180,0,0
1986,Idaho,0.593,0.584,0.572,392909,387426,663126,677205,0.019,1448,0,0
1986,Illinois,0.42,0.397,0.377,3322657,3144185,7912733,8343755,0.049,19456,0,0
1986,Indiana,0.411,0.394,0.39,1619005,1555505,3943714,3990379,0.009,10175,0,0
1986,Iowa,0.456,0.451,0.444,922094,910623,2020678,2049547,0.009,2777,12584,1929
1986,Kansas,,0.478,0.47,,840605,1757001,1788426,0.015,5345,0,0
1986,Kentucky,,0.255,0.252,,677280,2661218,2687605,0.005,5288,6841,3370
1986,Louisiana,,0.454,0.446,,1369897,3014498,3069021,0.013,14300,0,0
1986,Maine,,0.497,0.49,,426861,858200,870604,0.014,0,0,0
1986,Maryland,0.361,0.346,0.327,1161136,1112637,3216833,3401061,0.038,13326,69134,7494
1986,Massachusetts,0.411,0.389,0.369,1777276,1684079,4326264,4560556,0.051,0,0,0
1986,Michigan,0.378,0.368,0.359,2468009,2396564,6520661,6674856,0.02,20742,0,0
1986,Minnesota,0.482,0.468,0.458,1456579,1415989,3024070,3089544,0.014,2462,38901,1437
1986,Mississippi,,0.294,0.29,,523563,1782721,1804699,0.005,6747,6458,3454
1986,Missouri,,0.404,0.397,,1477327,3655213,3717988,0.008,10309,33819,5229
1986,Montana,0.571,0.556,0.55,326436,317862,572113,577604,0.008,1111,0,0
1986,Nebraska,0.515,0.503,0.495,577916,564422,1123099,1141336,0.009,2044,11265,304
1986,Nevada,0.378,0.374,0.351,264365,261932,700192,747283,0.051,4551,5518,1529
1986,New Hampshire,0.338,0.33,0.324,257410,250966,760526,775686,0.019,782,0,0
1986,New Jersey,0.304,0.288,0.267,1639330,1553544,5396487,5819614,0.064,12020,51359,14064
1986,New Mexico,0.414,0.4,0.385,408621,394833,987220,1026160,0.032,2416,4175,1147
1986,New York,0.365,0.35,0.318,4481718,4293971,12263480,13512043,0.087,38449,0,29325
1986,North Carolina,,0.342,0.335,,1591330,4653016,4749053,0.01,17698,58644,3322
1986,North Dakota,0.623,0.61,0.605,295177,289013,473962,477812,0.007,421,0,0
1986,Ohio,0.466,0.401,0.396,3628870,3121189,7781083,7891503,0.011,22463,0,0
1986,Oklahoma,0.408,0.397,0.388,934447,909925,2290182,2343190,0.013,9708,22740,1670
1986,Oregon,0.564,0.549,0.532,1088140,1059630,1928782,1990233,0.028,4770,0,0
1986,Pennsylvania,,0.384,0.378,,3388275,8820459,8955720,0.013,15201,0,0
1986,Rhode Island,0.454,0.43,0.404,322724,305663,711034,756297,0.052,1358,8174,453
1986,South Carolina,0.319,0.315,0.309,763493,753751,2393329,2437430,0.008,11676,21110,3066
1986,South Dakota,,0.601,0.597,,295830,492333,495833,0.005,1081,0,0
1986,Tennessee,,0.348,0.343,,1210339,3478867,3532177,0.007,7591,26291,8600
1986,Texas,,0.319,0.293,,3442368,10786533,11732625,0.06,38534,290074,57509
1986,Utah,0.435,0.425,0.415,445499,435111,1024337,1049339,0.024,0,0,0
1986,Vermont,0.543,0.505,0.497,211709,196716,389843,396034,0.016,0,0,0
1986,Virginia,,0.291,0.281,,1233611,4240797,4394143,0.029,12930,17126,5767
1986,Washington,0.431,0.424,0.404,1358160,1337367,3151152,3310457,0.036,6603,49663,7666
1986,West Virginia,0.328,0.299,0.297,449249,410131,1370305,1380916,0.004,1472,4241,968
1986,Wisconsin,,0.445,0.437,,1526960,3432034,3495584,0.012,5736,24648,3854
1986,Wyoming,0.513,0.501,0.493,168615,164720,328971,334385,0.01,861,1840,337
1984,Alabama,,0.509,0.503,,1441713,2831099,2867180,0.005,10482,16338,2194
1984,Alaska,0.621,0.605,0.586,213173,207605,343030,354410,0.023,1967,2064,147
1984,Arizona,0.489,0.477,0.453,1051339,1025897,2151391,2263826,0.042,7845,16687,1660
1984,Arkansas,,0.53,0.523,,884406,1668136,1689480,0.005,4482,8238,3463
1984,California,0.589,0.572,0.493,9796375,9505423,16618345,19270739,0.134,43197,0,30645
1984,Colorado,0.592,0.571,0.557,1343437,1295380,2267668,2325829,0.023,3231,0,1709
1984,Connecticut,0.648,0.638,0.603,1490946,1466900,2300533,2431057,0.041,5718,46681,868
1984,Delaware,0.584,0.575,0.559,258182,254572,442354,455312,0.015,2202,6373,830
1984,District of Columbia,0.465,0.448,0.418,219193,211288,471669,505550,0.058,4521,0,0
1984,Florida,,0.524,0.483,,4180051,7976805,8656427,0.068,26914,118318,5661
1984,Georgia,,0.431,0.419,,1776120,4119852,4243165,0.013,15404,90057,7246
1984,Hawaii,0.503,0.484,0.447,349253,335846,694187,750909,0.073,1965,0,0
1984,Idaho,0.637,0.62,0.608,421935,411144,662771,675772,0.017,1253,0,0
1984,Illinois,0.627,0.608,0.579,4969352,4819088,7922605,8327065,0.047,17114,0,0
1984,Indiana,0.579,0.57,0.564,2268493,2233069,3916362,3960870,0.009,9328,0,0
1984,Iowa,0.651,0.641,0.633,1339886,1319805,2057482,2084995,0.008,2836,11924,1662
1984,Kansas,,0.584,0.574,,1021991,1751223,1779487,0.013,4244,0,0
1984,Kentucky,,0.518,0.512,,1369345,2643027,2672424,0.005,4820,15004,3567
1984,Louisiana,,0.565,0.556,,1706822,3019930,3072074,0.013,13659,0,0
1984,Maine,,0.658,0.649,,553144,840251,852022,0.014,0,0,0
1984,Maryland,0.545,0.538,0.511,1695924,1675873,3113967,3278321,0.034,13124,64827,7046
1984,Massachusetts,0.607,0.599,0.57,2595054,2559453,4273437,4486676,0.048,0,0,0
1984,Michigan,0.606,0.593,0.58,3884854,3801658,6407156,6550877,0.02,14604,0,0
1984,Minnesota,0.709,0.699,0.686,2115317,2084449,2982015,3039490,0.013,2167,31440,1418
1984,Mississippi,,0.533,0.527,,941104,1766654,1787243,0.005,6115,6570,3108
1984,Missouri,,0.587,0.578,,2122783,3617948,3671506,0.008,8770,23574,4366
1984,Montana,0.682,0.664,0.658,395006,384377,578925,584162,0.007,964,0,0
1984,Nebraska,0.591,0.575,0.566,670781,652090,1135012,1152310,0.009,1665,10763,361
1984,Nevada,0.448,0.436,0.411,294413,286667,656862,697185,0.047,3488,5226,1187
1984,New Hampshire,0.566,0.541,0.531,406608,388904,718967,732480,0.018,581,0,0
1984,New Jersey,0.605,0.605,0.565,3215941,3217862,5318696,5699440,0.059,10363,44208,12206
1984,New Mexico,0.546,0.538,0.519,522328,514370,956246,990632,0.029,2129,3926,1194
1984,New York,0.572,0.556,0.509,7000828,6806810,12232120,13373558,0.081,33109,0,24212
1984,North Carolina,,0.482,0.473,,2175361,4512013,4598151,0.009,16371,52600,3892
1984,North Dakota,0.672,0.64,0.635,324179,308971,482655,486449,0.007,432,0,0
1984,Ohio,0.603,0.588,0.58,4664223,4547619,7732456,7836806,0.011,18619,0,0
1984,Oklahoma,0.555,0.54,0.529,1290555,1255676,2324445,2373014,0.012,7872,18809,1880
1984,Oregon,0.664,0.643,0.625,1265824,1226527,1906880,1962501,0.026,4224,0,0
1984,Pennsylvania,,0.551,0.543,,4844903,8790815,8918353,0.013,13090,0,0
1984,Rhode Island,0.606,0.588,0.555,422851,410492,697537,739064,0.049,1221,7147,394
1984,South Carolina,0.437,0.416,0.409,1018701,968529,2329080,2368236,0.007,9892,17043,3441
1984,South Dakota,,0.643,0.638,,317867,494651,497849,0.005,921,0,0
1984,Tennessee,,0.501,0.494,,1711994,3415760,3463234,0.006,7307,23598,6524
1984,Texas,,0.51,0.474,,5397571,10582774,11397758,0.054,36682,235568,40783
1984,Utah,0.643,0.63,0.616,641846,629656,998820,1022083,0.023,0,0,0
1984,Vermont,0.616,0.615,0.605,235140,234561,381479,387620,0.016,0,0,0
1984,Virginia,,0.524,0.507,,2146635,4100160,4234017,0.026,10839,16690,5986
1984,Washington,0.629,0.613,0.586,1931546,1883910,3072714,3213263,0.034,6821,39181,5253
1984,West Virginia,,0.529,0.525,,735742,1391427,1401733,0.004,1579,3597,724
1984,Wisconsin,,0.649,0.638,,2211689,3409202,3468053,0.011,4974,22426,3853
1984,Wyoming,0.579,0.558,0.549,196153,188968,338733,343957,0.01,724,1708,352
1982,Alabama,,0.406,0.401,,1128725,2780689,2813033,0.005,9233,14229,2266
1982,Alaska,0.649,0.634,0.615,199458,194885,307558,316787,0.022,1322,1816,101
1982,Arizona,0.368,0.36,0.344,742923,726364,2017098,2112246,0.038,6069,14949,1527
1982,Arkansas,,0.481,0.476,,789351,1639482,1656707,0.005,3922,3384,3061
1982,California,0.499,0.487,0.427,8064314,7876698,16161555,18448245,0.121,34640,0,18913
1982,Colorado,0.473,0.435,0.425,1037774,956021,2196263,2248839,0.021,3042,0,1202
1982,Connecticut,0.494,0.481,0.457,1112428,1084156,2253328,2369975,0.04,5156,33061,1311
1982,Delaware,0.455,0.444,0.433,195726,190960,430257,441374,0.014,2068,4626,621
1982,District of Columbia,,0.25,0.235,,117623,470719,500492,0.051,4081,0,0
1982,Florida,,0.355,0.33,,2688566,7565499,8139171,0.063,27830,57074,5974
1982,Georgia,,0.296,0.289,,1169041,3945107,4047788,0.011,14405,78097,4897
1982,Hawaii,0.485,0.465,0.431,325459,311853,671172,724189,0.071,1461,0,0
1982,Idaho,0.511,0.502,0.493,332237,326522,650534,662251,0.016,1044,0,0
1982,Illinois,0.488,0.465,0.443,3856875,3673681,7908220,8284606,0.044,14293,0,0
1982,Indiana,0.473,0.468,0.463,1834225,1817287,3879314,3921907,0.009,8790,0,0
1982,Iowa,0.508,0.502,0.496,1050495,1038229,2068844,2094031,0.008,2829,10625,1050
1982,Kansas,,0.44,0.433,,763263,1736298,1761238,0.012,3078,0,0
1982,Kentucky,,0.268,0.265,,700322,2615445,2642810,0.005,4031,14516,3430
1982,Louisiana,,,,,,2982702,3029834,0.012,10930,0,0
1982,Maine,,0.563,0.555,,460295,817814,828907,0.013,0,0,0
1982,Maryland,0.392,0.375,0.359,1190011,1139149,3034834,3174995,0.03,11617,52603,6024
1982,Massachusetts,0.503,0.49,0.469,2103780,2050769,4184146,4375262,0.044,0,0,0
1982,Michigan,0.493,0.478,0.468,3135928,3040008,6357552,6498711,0.019,14913,0,0
1982,Minnesota,0.623,0.613,0.603,1834737,1804675,2943169,2993256,0.011,2081,24320,1479
1982,Mississippi,,0.37,0.366,,645026,1743267,1762406,0.004,5484,6304,2914
1982,Missouri,,0.433,0.427,,1543521,3567803,3615526,0.007,7445,21637,2556
1982,Montana,0.576,0.564,0.559,328082,321062,569629,574592,0.007,914,0,0
1982,Nebraska,0.496,0.485,0.478,559422,547902,1128918,1145316,0.008,1739,9964,309
1982,Nevada,0.391,0.387,0.367,242578,240394,621060,655823,0.044,2753,4733,1065
1982,New Hampshire,0.421,0.412,0.405,289057,282588,686264,698424,0.017,445,0,0
1982,New Jersey,0.438,0.42,0.394,2286925,2193945,5224732,5563627,0.054,8191,38186,10514
1982,New Mexico,0.455,0.443,0.429,417945,407466,919311,949133,0.026,1718,3854,1206
1982,New York,0.449,0.434,0.4,5437367,5254891,12118685,13150573,0.075,27945,0,21062
1982,North Carolina,,0.304,0.298,,1321080,4347870,4427095,0.008,16569,44274,6910
1982,North Dakota,0.572,0.55,0.546,272876,262465,476851,480367,0.007,322,0,0
1982,Ohio,0.462,0.441,0.436,3551995,3395463,7692059,7793022,0.011,17317,0,0
1982,Oklahoma,0.391,0.384,0.376,901488,883130,2302670,2346265,0.012,6500,14749,1858
1982,Oregon,0.561,0.55,0.535,1063913,1042009,1895706,1946116,0.024,3900,0,0
1982,Pennsylvania,,0.421,0.415,,3683985,8749931,8869173,0.012,10508,0,0
1982,Rhode Island,0.542,0.5,0.474,370928,342779,684977,723060,0.046,1037,6501,327
1982,South Carolina,0.304,0.297,0.292,688300,671625,2260577,2297223,0.007,9137,16981,3175
1982,South Dakota,,0.569,0.566,,278562,489474,492367,0.004,791,0,0
1982,Tennessee,,0.375,0.371,,1259785,3357236,3393233,0.006,7869,10101,3303
1982,Texas,,0.312,0.292,,3191091,10228820,10910762,0.049,36149,177270,26274
1982,Utah,0.558,0.551,0.539,537207,530802,962724,984073,0.022,0,0,0
1982,Vermont,0.461,0.454,0.446,172084,169251,372982,379067,0.016,0,0,0
1982,Virginia,,0.357,0.347,,1415622,3960296,4076585,0.023,10079,14813,6487
1982,Washington,0.468,0.456,0.436,1404831,1368476,2999997,3138109,0.031,6264,60142,3047
1982,West Virginia,,0.404,0.401,,565314,1399303,1409116,0.004,1547,2711,610
1982,Wisconsin,,0.469,0.461,,1580344,3372875,3426394,0.01,4714,19603,3125
1982,Wyoming,0.5,0.49,0.483,172065,168555,344218,349060,0.009,702,1303,244
1980,Alabama,,0.492,0.487,,1341929,2726249,2753078,0.004,6543,10985,2547
1980,Alaska,0.602,0.587,0.571,162653,158445,270122,277261,0.02,822,1181,93
1980,Arizona,0.475,0.462,0.444,898183,873945,1890167,1968947,0.034,4372,12584,1093
1980,Arkansas,,0.52,0.515,,837582,1610104,1624917,0.005,2911,2400,2855
1980,California,0.562,0.55,0.489,8775459,8587063,15610966,17551451,0.108,24569,0,15253
1980,Colorado,0.591,0.572,0.559,1225549,1184415,2071959,2118092,0.02,2629,0,927
1980,Connecticut,0.647,0.639,0.61,1423403,1406285,2201356,2305904,0.038,4308,22981,1932
1980,Delaware,0.568,0.56,0.547,239136,235900,421344,430879,0.013,1474,3762,619
1980,District of Columbia,0.379,0.372,0.353,178434,175237,470956,496230,0.045,3145,0,0
1980,Florida,,0.52,0.487,,3686930,7088658,7575002,0.058,20735,38906,8823
1980,Georgia,,0.421,0.413,,1596695,3791652,3870251,0.009,12178,58450,3169
1980,Hawaii,0.492,0.469,0.436,318026,303287,646583,695906,0.069,985,0,0
1980,Idaho,0.704,0.69,0.679,446045,437431,633624,644004,0.015,817,0,0
1980,Illinois,0.619,0.604,0.578,4868890,4749721,7868300,8216218,0.041,11899,0,0
1980,Indiana,0.592,0.583,0.577,2275433,2242033,3846321,3885473,0.008,6683,0,0
1980,Iowa,0.635,0.636,0.629,1314258,1317661,2070935,2093321,0.007,2481,8815,639
1980,Kansas,,0.575,0.568,,979795,1704420,1726471,0.011,2494,0,0
1980,Kentucky,,0.505,0.499,,1294627,2562572,2592185,0.005,3588,12400,8120
1980,Louisiana,,0.54,0.532,,1548591,2868792,2910776,0.011,8889,0,0
1980,Maine,,0.654,0.646,,523011,799746,810240,0.013,0,0,0
1980,Maryland,0.525,0.52,0.5,1557709,1540496,2964704,3081409,0.027,7731,41661,6436
1980,Massachusetts,0.624,0.614,0.59,2566807,2524298,4110721,4281265,0.04,0,0,0
1980,Michigan,0.624,0.613,0.6,3978647,3909725,6374955,6514790,0.019,15124,0,0
1980,Minnesota,0.721,0.712,0.7,2079451,2051980,2882406,2929927,0.01,2001,27000,1534
1980,Mississippi,,0.524,0.519,,892620,1704163,1719825,0.004,3902,4864,2292
1980,Missouri,,0.595,0.588,,2099824,3529489,3571609,0.007,5726,17400,2395
1980,Montana,0.671,0.656,0.651,371976,363952,554636,559165,0.007,739,0,0
1980,Nebraska,0.584,0.575,0.567,651281,640854,1115142,1129653,0.008,1446,7980,292
1980,Nevada,0.519,0.433,0.411,297318,247885,573118,602463,0.04,1839,4989,1052
1980,New Hampshire,0.609,0.581,0.572,402415,383990,660560,671558,0.016,326,0,0
1980,New Jersey,0.585,0.581,0.549,2999879,2975684,5123773,5420255,0.049,5884,29239,8911
1980,New Mexico,0.532,0.523,0.509,464848,456971,873515,897946,0.023,1279,2794,884
1980,New York,0.53,0.517,0.48,6359218,6201959,12006100,12932357,0.068,21815,0,19652
1980,North Carolina,,0.441,0.434,,1855833,4203817,4272156,0.007,15513,36467,6496
1980,North Dakota,0.68,0.652,0.648,314525,301545,462223,465447,0.006,253,0,0
1980,Ohio,0.573,0.561,0.554,4378937,4283603,7637813,7732705,0.011,13489,0,0
1980,Oklahoma,0.542,0.532,0.522,1172303,1149708,2162051,2201257,0.011,4796,14360,2232
1980,Oregon,0.643,0.628,0.614,1209691,1181516,1880863,1925651,0.022,3177,0,0
1980,Pennsylvania,,0.526,0.52,,4561501,8664166,8774885,0.012,8171,0,0
1980,Rhode Island,0.627,0.616,0.586,423349,416072,675067,709692,0.043,813,5501,257
1980,South Carolina,0.424,0.411,0.404,922397,894071,2176721,2212354,0.006,7862,20589,3124
1980,South Dakota,,0.677,0.673,,327703,484328,486893,0.004,635,0,0
1980,Tennessee,,0.492,0.488,,1617616,3285608,3318036,0.005,7022,9130,3097
1980,Texas,,0.474,0.449,,4541636,9572904,10120613,0.043,29892,131996,17235
1980,Utah,0.666,0.66,0.646,609691,604222,915484,934767,0.021,0,0,0
1980,Vermont,0.593,0.587,0.578,215500,213299,363143,369147,0.016,0,0,0
1980,Virginia,,0.487,0.475,,1866032,3830887,3927383,0.02,8920,11463,4783
1980,Washington,0.606,0.596,0.574,1772904,1742394,2923670,3037193,0.029,4399,12527,14669
1980,West Virginia,0.535,0.532,0.528,742150,737715,1387231,1396595,0.005,1257,2650,475
1980,Wisconsin,,0.684,0.674,,2273221,3322053,3371087,0.01,3980,19088,2639
1980,Wyoming,0.554,0.541,0.534,181004,176713,326644,330784,0.009,534,940,154